<?xml version="1.0" encoding="UTF-8"?>
<GenRun Id="impl_1" LaunchPart="xc7a50ticsg324-1L" LaunchTime="1639653902">
  <File Type="BITSTR-BMM" Name="riconoscitore_bd.bmm"/>
  <File Type="OPT-METHODOLOGY-DRC" Name="riconoscitore_methodology_drc_opted.rpt"/>
  <File Type="INIT-TIMING" Name="riconoscitore_timing_summary_init.rpt"/>
  <File Type="ROUTE-PWR" Name="riconoscitore_power_routed.rpt"/>
  <File Type="PA-TCL" Name="riconoscitore.tcl"/>
  <File Type="OPT-TIMING" Name="riconoscitore_timing_summary_opted.rpt"/>
  <File Type="OPT-DCP" Name="riconoscitore_opt.dcp"/>
  <File Type="ROUTE-PWR-SUM" Name="riconoscitore_power_summary_routed.pb"/>
  <File Type="REPORTS-TCL" Name="riconoscitore_reports.tcl"/>
  <File Type="OPT-DRC" Name="riconoscitore_drc_opted.rpt"/>
  <File Type="OPT-HWDEF" Name="riconoscitore.hwdef"/>
  <File Type="PWROPT-DCP" Name="riconoscitore_pwropt.dcp"/>
  <File Type="PWROPT-DRC" Name="riconoscitore_drc_pwropted.rpt"/>
  <File Type="PWROPT-TIMING" Name="riconoscitore_timing_summary_pwropted.rpt"/>
  <File Type="PLACE-DCP" Name="riconoscitore_placed.dcp"/>
  <File Type="PLACE-IO" Name="riconoscitore_io_placed.rpt"/>
  <File Type="PLACE-CLK" Name="riconoscitore_clock_utilization_placed.rpt"/>
  <File Type="PLACE-UTIL" Name="riconoscitore_utilization_placed.rpt"/>
  <File Type="PLACE-UTIL-PB" Name="riconoscitore_utilization_placed.pb"/>
  <File Type="PLACE-CTRL" Name="riconoscitore_control_sets_placed.rpt"/>
  <File Type="PLACE-SIMILARITY" Name="riconoscitore_incremental_reuse_placed.rpt"/>
  <File Type="PLACE-PRE-SIMILARITY" Name="riconoscitore_incremental_reuse_pre_placed.rpt"/>
  <File Type="PLACE-TIMING" Name="riconoscitore_timing_summary_placed.rpt"/>
  <File Type="POSTPLACE-PWROPT-DCP" Name="riconoscitore_postplace_pwropt.dcp"/>
  <File Type="BG-BIN" Name="riconoscitore.bin"/>
  <File Type="POSTPLACE-PWROPT-TIMING" Name="riconoscitore_timing_summary_postplace_pwropted.rpt"/>
  <File Type="PHYSOPT-DCP" Name="riconoscitore_physopt.dcp"/>
  <File Type="PHYSOPT-DRC" Name="riconoscitore_drc_physopted.rpt"/>
  <File Type="BITSTR-MSK" Name="riconoscitore.msk"/>
  <File Type="PHYSOPT-TIMING" Name="riconoscitore_timing_summary_physopted.rpt"/>
  <File Type="ROUTE-ERROR-DCP" Name="riconoscitore_routed_error.dcp"/>
  <File Type="ROUTE-DCP" Name="riconoscitore_routed.dcp"/>
  <File Type="ROUTE-BLACKBOX-DCP" Name="riconoscitore_routed_bb.dcp"/>
  <File Type="ROUTE-DRC" Name="riconoscitore_drc_routed.rpt"/>
  <File Type="ROUTE-DRC-PB" Name="riconoscitore_drc_routed.pb"/>
  <File Type="ROUTE-DRC-RPX" Name="riconoscitore_drc_routed.rpx"/>
  <File Type="BITSTR-MMI" Name="riconoscitore.mmi"/>
  <File Type="ROUTE-METHODOLOGY-DRC" Name="riconoscitore_methodology_drc_routed.rpt"/>
  <File Type="ROUTE-METHODOLOGY-DRC-RPX" Name="riconoscitore_methodology_drc_routed.rpx"/>
  <File Type="ROUTE-METHODOLOGY-DRC-PB" Name="riconoscitore_methodology_drc_routed.pb"/>
  <File Type="ROUTE-PWR-RPX" Name="riconoscitore_power_routed.rpx"/>
  <File Type="ROUTE-STATUS" Name="riconoscitore_route_status.rpt"/>
  <File Type="ROUTE-STATUS-PB" Name="riconoscitore_route_status.pb"/>
  <File Type="ROUTE-TIMINGSUMMARY" Name="riconoscitore_timing_summary_routed.rpt"/>
  <File Type="ROUTE-TIMING-PB" Name="riconoscitore_timing_summary_routed.pb"/>
  <File Type="ROUTE-TIMING-RPX" Name="riconoscitore_timing_summary_routed.rpx"/>
  <File Type="ROUTE-SIMILARITY" Name="riconoscitore_incremental_reuse_routed.rpt"/>
  <File Type="ROUTE-CLK" Name="riconoscitore_clock_utilization_routed.rpt"/>
  <File Type="ROUTE-BUS-SKEW" Name="riconoscitore_bus_skew_routed.rpt"/>
  <File Type="ROUTE-BUS-SKEW-PB" Name="riconoscitore_bus_skew_routed.pb"/>
  <File Type="ROUTE-BUS-SKEW-RPX" Name="riconoscitore_bus_skew_routed.rpx"/>
  <File Type="POSTROUTE-PHYSOPT-DCP" Name="riconoscitore_postroute_physopt.dcp"/>
  <File Type="POSTROUTE-PHYSOPT-BLACKBOX-DCP" Name="riconoscitore_postroute_physopt_bb.dcp"/>
  <File Type="POSTROUTE-PHYSOPT-TIMING" Name="riconoscitore_timing_summary_postroute_physopted.rpt"/>
  <File Type="POSTROUTE-PHYSOPT-TIMING-PB" Name="riconoscitore_timing_summary_postroute_physopted.pb"/>
  <File Type="POSTROUTE-PHYSOPT-TIMING-RPX" Name="riconoscitore_timing_summary_postroute_physopted.rpx"/>
  <File Type="POSTROUTE-PHYSOPT-BUS-SKEW" Name="riconoscitore_bus_skew_postroute_physopted.rpt"/>
  <File Type="POSTROUTE-PHYSOPT-BUS-SKEW-PB" Name="riconoscitore_bus_skew_postroute_physopted.pb"/>
  <File Type="BG-BIT" Name="riconoscitore.bit"/>
  <File Type="POSTROUTE-PHYSOPT-BUS-SKEW-RPX" Name="riconoscitore_bus_skew_postroute_physopted.rpx"/>
  <File Type="BITSTR-RBT" Name="riconoscitore.rbt"/>
  <File Type="BITSTR-NKY" Name="riconoscitore.nky"/>
  <File Type="PDI-FILE" Name="riconoscitore.pdi"/>
  <File Type="RCFI_FILE" Name="riconoscitore.rcfi"/>
  <File Type="CFI_FILE" Name="riconoscitore.cfi"/>
  <File Type="RNPI_FILE" Name="riconoscitore.rnpi"/>
  <File Type="NPI_FILE" Name="riconoscitore.npi"/>
  <File Type="RBD_FILE" Name="riconoscitore.rbd"/>
  <File Type="BITSTR-LTX" Name="debug_nets.ltx"/>
  <File Type="BITSTR-LTX" Name="riconoscitore.ltx"/>
  <File Type="BITSTR-SYSDEF" Name="riconoscitore.sysdef"/>
  <File Type="BG-BGN" Name="riconoscitore.bgn"/>
  <File Type="BG-DRC" Name="riconoscitore.drc"/>
  <File Type="RDI-RDI" Name="riconoscitore.vdi"/>
  <File Type="WBT-USG" Name="usage_statistics_webtalk.html"/>
  <FileSet Name="sources" Type="DesignSrcs" RelSrcDir="$PSRCDIR/sources_1">
    <Filter Type="Srcs"/>
    <File Path="$PSRCDIR/sources_1/new/debouncer.vhd">
      <FileInfo>
        <Attr Name="UsedIn" Val="synthesis"/>
        <Attr Name="UsedIn" Val="simulation"/>
      </FileInfo>
    </File>
    <File Path="$PSRCDIR/sources_1/new/filtro_modo.vhd">
      <FileInfo>
        <Attr Name="UsedIn" Val="synthesis"/>
        <Attr Name="UsedIn" Val="simulation"/>
      </FileInfo>
    </File>
    <File Path="$PSRCDIR/sources_1/new/gestore_modo.vhd">
      <FileInfo>
        <Attr Name="UsedIn" Val="synthesis"/>
        <Attr Name="UsedIn" Val="simulation"/>
      </FileInfo>
    </File>
    <File Path="$PSRCDIR/sources_1/new/sistema.vhd">
      <FileInfo>
        <Attr Name="UsedIn" Val="synthesis"/>
        <Attr Name="UsedIn" Val="simulation"/>
      </FileInfo>
    </File>
    <File Path="$PSRCDIR/sources_1/new/riconoscitore.vhd">
      <FileInfo>
        <Attr Name="UsedIn" Val="synthesis"/>
        <Attr Name="UsedIn" Val="simulation"/>
      </FileInfo>
    </File>
    <File Path="$PSRCDIR/sources_1/new/filtro_dato.vhd">
      <FileInfo>
        <Attr Name="AutoDisabled" Val="1"/>
        <Attr Name="UsedIn" Val="synthesis"/>
        <Attr Name="UsedIn" Val="simulation"/>
      </FileInfo>
    </File>
    <File Path="$PSRCDIR/sources_1/new/gestore_dato.vhd">
      <FileInfo>
        <Attr Name="AutoDisabled" Val="1"/>
        <Attr Name="UsedIn" Val="synthesis"/>
        <Attr Name="UsedIn" Val="simulation"/>
      </FileInfo>
    </File>
    <File Path="$PSRCDIR/sources_1/bd/design_1/design_1.bd">
      <FileInfo>
        <Attr Name="AutoDisabled" Val="1"/>
        <Attr Name="UsedIn" Val="synthesis"/>
        <Attr Name="UsedIn" Val="implementation"/>
        <Attr Name="UsedIn" Val="simulation"/>
      </FileInfo>
    </File>
    <Config>
      <Option Name="DesignMode" Val="RTL"/>
      <Option Name="TopModule" Val="riconoscitore"/>
    </Config>
  </FileSet>
  <FileSet Name="constrs_in" Type="Constrs" RelSrcDir="$PSRCDIR/constrs_1">
    <Filter Type="Constrs"/>
    <File Path="$PSRCDIR/constrs_1/imports/davide_420/Nexys-A7-50T-Master.xdc">
      <FileInfo>
        <Attr Name="ImportPath" Val="$PPRDIR/../Nexys-A7-50T-Master.xdc"/>
        <Attr Name="ImportTime" Val="1639482529"/>
        <Attr Name="UsedIn" Val="synthesis"/>
        <Attr Name="UsedIn" Val="implementation"/>
      </FileInfo>
    </File>
    <Config>
      <Option Name="ConstrsType" Val="XDC"/>
    </Config>
  </FileSet>
  <FileSet Name="utils" Type="Utils" RelSrcDir="$PSRCDIR/utils_1">
    <Filter Type="Utils"/>
    <Config>
      <Option Name="TopAutoSet" Val="TRUE"/>
    </Config>
  </FileSet>
  <Strategy Version="1" Minor="2">
    <StratHandle Name="Vivado Implementation Defaults" Flow="Vivado Implementation 2020"/>
    <Step Id="init_design"/>
    <Step Id="opt_design"/>
    <Step Id="power_opt_design"/>
    <Step Id="place_design"/>
    <Step Id="post_place_power_opt_design"/>
    <Step Id="phys_opt_design"/>
    <Step Id="route_design"/>
    <Step Id="post_route_phys_opt_design"/>
    <Step Id="write_bitstream"/>
  </Strategy>
</GenRun>
